month,s,f
1979m1,719.40433,715.33551
1979m2,755.94257,741.56215
1979m3,766.87596,748.37945
1979m4,741.97641,741.83123
1979m5,718.79266,750.61242
1979m6,763.64395,800.12383
1979m7,735.71233,768.02583
1979m8,696.58523,732.00464
1979m9,678.35701,728.20702
1979m10,621.86258,715.90484
1979m11,603.16934,709.58636
1979m12,598.79462,708.6367
1980m1,574.43387,687.5013
1980m2,580.49022,694.31523
1980m3,543.51338,651.89381
1980m4,514.34118,621.4276
1980m5,528.9981,611.34831
1980m6,532.61351,621.74661
1980m7,624.48081,700.27303
1980m8,636.28131,693.35607
1980m9,671.06608,720.30386
1980m10,683.18198,693.36815
1980m11,730.2513,714.18545
1980m12,641.05017,696.54601
1981m1,618.51495,703.50017
1981m2,596.78664,706.63426
1981m3,592.94889,687.62613
1981m4,621.88057,720.06501
1981m5,601.59142,675.46339
1981m6,561.69861,645.83051
1981m7,567.61367,651.74211
1981m8,529.43347,610.82908
1981m9,490.83987,578.36866
1981m10,485.15404,575.83737
1981m11,481.94944,547.60104
1981m12,474.35324,524.94649
1982m1,477.04897,525.34442
1982m2,467.93075,534.50172
1982m3,464.97129,511.79605
1982m4,473.11794,540.3012
1982m5,476.96338,532.16764
1982m6,452.00187,514.9382
1982m7,444.46133,496.95545
1982m8,409.23236,466.02338
1982m9,386.06689,441.77845
1982m10,370.55032,422.65706
1982m11,402.01108,433.63189
1982m12,406.00563,442.90361
1983m1,411.85077,459.88373
1983m2,417.67092,483.4463
1983m3,425.62771,487.4509
1983m4,449.48106,519.29142
1983m5,441.14282,497.63804
1983m6,426.32396,477.99214
1983m7,460.15467,524.41936
1983m8,590.52104,613.36265
1983m9,623.8281,572.96332
1983m10,586.96571,486.81269
1983m11,568.75721,488.38339
1983m12,551.97657,498.01665
1984m1,528.22253,514.22548
1984m2,504.61835,515.9725
1984m3,542.94135,529.15918
1984m4,543.27877,525.61251
1984m5,585.55766,529.50791
1984m6,533.30216,529.25026
1984m7,460.89781,470.63013
1984m8,444.16309,464.52535
1984m9,413.6794,433.19129
1984m10,412.58829,440.80748
1984m11,413.43232,440.38715
1984m12,400.33906,433.46951
1985m1,397.96333,424.73698
1985m2,391.76811,427.28643
1985m3,397.84845,420.31411
1985m4,399.49558,429.81867
1985m5,384.94551,409.00642
1985m6,379.25978,400.15842
1985m7,364.94701,388.94678
1985m8,339.939,360.06021
1985m9,332.20896,359.12159
1985m10,321.19449,353.33547
1985m11,329.24242,340.83767
1985m12,337.56072,354.97291
1986m1,346.14598,357.30097
1986m2,344.5084,351.80975
1986m3,349.64369,354.0627
1986m4,345.67151,353.01472
1986m5,346.0643,358.25051
1986m6,343.16967,347.26654
1986m7,336.76711,344.4099
1986m8,323.73439,329.58238
1986m9,311.11675,326.33973
1986m10,303.59703,325.023
1986m11,317.32318,325.16895
1986m12,310.5546,325.19608
1987m1,309.52269,317.72784
1987m2,303.5104,310.91819
1987m3,303.1905,314.19948
1987m4,314.21719,336.93509
1987m5,338.51268,371.88951
1987m6,344.73383,379.0765
1987m7,334.47008,349.49004
1987m8,319.34471,326.21096
1987m9,316.74241,331.84835
1987m10,320.64195,340.96413
1987m11,337.80759,352.68823
1987m12,358.43546,370.57436
1988m1,372.2837,396.0655
1988m2,373.93168,407.33215
1988m3,376.90369,412.06065
1988m4,398.99743,438.41133
1988m5,435.59647,473.41552
1988m6,543.88835,546.30699
1988m7,510.37566,513.56632
1988m8,503.59946,491.9982
1988m9,498.13063,466.26236
1988m10,461.89815,430.90107
1988m11,446.90432,424.39371
1988m12,455.35217,426.65733
1989m1,453.65173,440.9839
1989m2,438.37212,435.19142
1989m3,446.18455,444.06721
1989m4,420.43065,432.56704
1989m5,417.20288,411.1748
1989m6,409.07623,384.03421
1989m7,399.23711,380.11856
1989m8,345.92928,347.50425
1989m9,333.57643,337.36905
1989m10,311.79612,332.22069
1989m11,323.41419,343.36574
1989m12,322.58441,355.44713
1990m1,313.82529,346.90368
1990m2,313.18174,344.91897
1990m3,319.26384,354.80167
1990m4,325.14692,363.88461
1990m5,334.83238,373.65588
1990m6,326.58961,363.3048
1990m7,329.89687,364.61496
1990m8,331.7724,354.97004
1990m9,329.37018,344.48411
1990m10,320.37843,333.39549
1990m11,304.91281,328.05918
1990m12,308.10626,338.33716
1991m1,298.83457,329.74949
1991m2,302.44034,339.92266
1991m3,305.60799,339.77817
1991m4,310.17506,343.73896
1991m5,302.78542,329.63577
1991m6,298.16248,323.89094
1991m7,282.77119,306.2047
1991m8,295.15274,319.42447
1991m9,303.93282,312.25744
1991m10,287.81746,306.57083
1991m11,289.44228,302.49787
1991m12,287.80534,308.30627
1992m1,291.8709,314.16306
1992m2,293.95418,323.12826
1992m3,299.31301,327.25287
1992m4,293.77506,319.66991
1992m5,304.40081,328.75654
1992m6,308.50045,330.97989
1992m7,288.92811,306.90355
1992m8,279.29092,290.36774
1992m9,273.41258,290.78291
1992m10,263.59269,289.53332
1992m11,275.39483,295.77061
1992m12,282.04299,302.83674
1993m1,284.61174,302.1641
1993m2,281.11244,301.15787
1993m3,285.48263,306.31808
1993m4,289.86087,309.46504
1993m5,294.03656,307.43094
1993m6,293.19153,307.36998
1993m7,341.55232,352.76159
1993m8,328.659,335.58561
1993m9,311.0137,314.40218
1993m10,291.6309,304.78771
1993m11,319.70469,312.2831
1993m12,335.10424,318.23161
1994m1,337.82204,323.10339
1994m2,329.05921,322.14394
1994m3,330.39638,321.65879
1994m4,318.96034,307.89676
1994m5,327.40827,316.18581
1994m6,324.53092,323.82834
1994m7,286.85454,290.00907
1994m8,270.06908,285.6371
1994m9,260.64339,285.75891
1994m10,246.76586,283.78394
1994m11,262.86638,287.20166
1994m12,264.49614,288.9883
1995m1,260.08525,282.33881
1995m2,259.48212,285.62078
1995m3,265.22949,292.21114
1995m4,266.51562,293.90294
1995m5,266.75847,293.51939
1995m6,271.38685,296.98574
1995m7,286.61501,306.27687
1995m8,274.76016,298.34955
1995m9,288.74028,304.92204
1995m10,298.94312,308.23801
1995m11,313.64126,311.71419
1995m12,331.36173,326.44212
1996m1,337.27708,328.62566
1996m2,332.62434,339.79368
1996m3,328.72067,339.62792
1996m4,355.13499,362.62145
1996m5,362.81129,361.79524
1996m6,348.0714,346.73768
1996m7,356.13402,351.50884
1996m8,364.06411,354.11728
1996m9,364.65518,344.55476
1996m10,315.13216,310.78935
1996m11,311.66826,303.56847
1996m12,313.77917,302.61207
1997m1,325.54866,309.77765
1997m2,339.44255,317.96254
1997m3,366.99844,325.63116
1997m4,375.06488,317.46595
1997m5,385.15962,315.91218
1997m6,367.39874,303.41758
1997m7,335.58702,282.90371
1997m8,325.10549,287.75842
1997m9,305.10647,287.22985
1997m10,297.51861,301.81907
1997m11,316.93215,308.6956
1997m12,304.34848,301.83884
1998m1,295.02635,294.95066
1998m2,295.67233,299.20702
1998m3,286.93703,288.53571
1998m4,279.86383,280.48607
1998m5,279.77362,279.1492
1998m6,275.71624,274.36794
1998m7,274.23303,269.52988
1998m8,236.13813,251.08497
1998m9,226.83364,247.57314
1998m10,227.2947,258.99185
1998m11,243.63966,265.95445
1998m12,239.2357,258.79923
1999m1,227.29515,242.84643
1999m2,208.81617,231.18855
1999m3,200.10761,226.96227
1999m4,200.41199,230.71322
1999m5,195.14217,220.14274
1999m6,191.85543,217.55456
1999m7,175.55847,200.7256
1999m8,192.07134,215.54347
1999m9,199.56782,223.35549
1999m10,192.86244,221.8167
1999m11,191.56427,211.31276
1999m12,190.74314,208.59026
2000m1,201.10408,225.78519
2000m2,205.96691,230.76445
2000m3,208.56039,233.89124
2000m4,214.47624,242.57913
2000m5,219.43806,242.00949
2000m6,205.00083,222.32624
2000m7,189.70582,207.17156
2000m8,185.95642,209.63722
2000m9,193.01137,218.96851
2000m10,185.89811,211.81363
2000m11,192.17048,212.70363
2000m12,202.89037,219.5395
2001m1,189.98165,205.48309
2001m2,181.05678,198.61346
2001m3,177.23689,193.29085
2001m4,171.45937,185.82089
2001m5,177.56314,183.96268
2001m6,184.35582,188.82385
2001m7,201.76596,204.49936
2001m8,198.23142,201.86982
2001m9,182.22069,194.25404
2001m10,167.33616,185.31018
2001m11,171.7908,185.71829
2001m12,173.30684,184.55186
2002m1,172.06058,183.85044
2002m2,172.28028,186.42593
2002m3,180.44456,192.37928
2002m4,181.81524,189.02164
2002m5,189.50099,189.39688
2002m6,199.15765,193.24435
2002m7,221.85665,207.74701
2002m8,223.1024,213.40033
2002m9,222.49509,214.25743
2002m10,207.84328,200.43936
2002m11,221.95541,200.86998
2002m12,220.88141,203.48207
2003m1,220.15202,206.38554
2003m2,221.49361,208.04645
2003m3,220.20475,203.35618
2003m4,233.33217,208.91823
2003m5,244.01421,220.95124
2003m6,241.3304,221.98528
2003m7,227.83313,209.05274
2003m8,220.18111,214.66964
2003m9,238.14632,220.66664
2003m10,276.95315,222.48584
2003m11,291.77447,226.59971
2003m12,294.94182,239.69631
2004m1,312.86424,255.61279
2004m2,329.90284,259.31604
2004m3,372.21375,286.41688
2004m4,372.70987,277.90372
2004m5,354.91093,268.51421
2004m6,332.09326,254.7633
2004m7,302.17646,241.6654
2004m8,234.65302,228.43943
2004m9,206.69452,220.5898
2004m10,188.17765,209.81369
2004m11,195.32199,212.18549
2004m12,201.45645,213.93272
2005m1,198.14943,206.84876
2005m2,199.51209,209.46384
2005m3,227.17227,229.90398
2005m4,223.59872,225.61364
2005m5,231.51521,231.84658
2005m6,256.34189,250.91188
2005m7,251.11762,249.54813
2005m8,226.85894,235.13522
2005m9,198.95873,217.8021
2005m10,193.55384,218.8041
2005m11,201.21515,218.95972
2005m12,209.62384,226.00692
2006m1,203.22706,224.32612
2006m2,202.25326,226.82394
2006m3,198.34232,223.56452
2006m4,194.5551,220.66731
2006m5,199.60339,225.31356
2006m6,198.53123,227.00077
2006m7,196.5751,228.54143
2006m8,183.29906,216.82368
2006m9,181.92549,212.81001
2006m10,200.78523,229.99586
2006m11,227.38819,252.55103
2006m12,227.65165,256.07318
2007m1,235.79944,267.9977
2007m2,254.65181,287.58632
2007m3,249.87852,284.56798
2007m4,243.02647,278.4141
2007m5,253.35789,285.34081
2007m6,268.43877,304.49465
2007m7,272.69691,316.85063
2007m8,269.85785,310.37254
2007m9,304.59631,326.50315
2007m10,317.70619,329.49894
2007m11,348.0406,342.58186
2007m12,379.60634,366.81912
2008m1,406.85043,414.43657
2008m2,448.36733,454.36386
2008m3,429.97576,430.05578
2008m4,422.3585,422.48756
2008m5,428.24935,441.28067
2008m6,481.45735,496.64783
2008m7,484.5409,498.41957
2008m8,412.75103,436.59058
2008m9,376.42905,395.1726
2008m10,289.77071,317.93026
2008m11,292.11344,312.05637
2008m12,289.1224,308.20356
2009m1,329.71057,333.17474
2009m2,310.14449,303.61358
2009m3,300.72454,291.8921
2009m4,337.65715,314.8892
2009m5,383.28331,331.41431
2009m6,401.46515,340.10405
2009m7,358.0138,312.19
2009m8,367.67531,328.5354
2009m9,325.3559,304.33304
2009m10,317.15177,317.13668
2009m11,329.05761,334.70447
2009m12,336.31215,340.21654
2010m1,317.27191,321.32859
2010m2,304.73738,311.14367
2010m3,305.75118,311.59296
2010m4,312.1452,319.60715
2010m5,305.49532,310.78895
2010m6,311.31783,309.6755
2010m7,330.08826,322.41318
2010m8,342.44466,338.45927
2010m9,340.75238,348.66999
2010m10,370.73643,371.39652
2010m11,403.15273,386.65812
2010m12,423.38863,405.91232
2011m1,441.56702,428.90583
2011m2,439.65417,435.34177
2011m3,424.98149,427.93081
2011m4,427.56409,435.92789
2011m5,426.46295,426.99342
2011m6,431.00954,433.50524
2011m7,432.62136,437.90994
2011m8,430.50354,435.57134
2011m9,418.3997,423.5484
2011m10,376.3578,368.38333
2011m11,363.91527,376.1055
2011m12,357.48367,369.35701
2012m1,373.65678,383.6006
2012m2,390.88967,397.33687
2012m3,416.87862,408.0383
2012m4,443.95174,415.13091
2012m5,451.34269,409.01815
