time,cpi,wage
1983M12,101.4,8.3199997
1984M01,102.1,8.3699999
1984M02,102.6,8.3599997
1984M03,102.9,8.3999996
1984M04,103.3,8.4399996
1984M05,103.5,8.4300003
1984M06,103.7,8.4700003
1984M07,104.1,8.5100002
1984M08,104.4,8.5100002
1984M09,104.7,8.5500002
1984M10,105.1,8.54
1984M11,105.3,8.5600004
1984M12,105.5,8.6000004
1985M01,105.7,8.6000004
1985M02,106.3,8.6300001
1985M03,106.8,8.6599998
1985M04,107,8.6800003
1985M05,107.2,8.6899996
1985M06,107.5,8.7299995
1985M07,107.7,8.7299995
1985M08,107.9,8.7600002
1985M09,108.1,8.79
1985M10,108.5,8.7799997
1985M11,109,8.8100004
1985M12,109.5,8.8599997
1986M01,109.9,8.8400002
1986M02,109.7,8.8699999
1986M03,109.1,8.8800001
1986M04,108.7,8.8800001
1986M05,109,8.8900003
1986M06,109.4,8.8999996
1986M07,109.5,8.9099998
1986M08,109.6,8.9300003
1986M09,110,8.9300003
1986M10,110.2,8.9499998
1986M11,110.4,8.9899998
1986M12,110.8,9
1987M01,111.4,9.0100002
1987M02,111.8,9.04
1987M03,112.2,9.0600004
1987M04,112.7,9.0699997
1987M05,113,9.1000004
1987M06,113.5,9.1000004
1987M07,113.8,9.1099997
1987M08,114.3,9.1700001
1987M09,114.7,9.1800003
1987M10,115,9.21
1987M11,115.4,9.2600002
1987M12,115.6,9.2700005
1988M01,116,9.2799997
1988M02,116.2,9.2799997
1988M03,116.5,9.3000002
1988M04,117.2,9.3500004
1988M05,117.5,9.3999996
1988M06,118,9.4099998
1988M07,118.5,9.4399996
1988M08,119,9.4499998
1988M09,119.5,9.5
1988M10,119.9,9.5500002
1988M11,120.3,9.5699997
1988M12,120.7,9.5900002
1989M01,121.2,9.6400003
1989M02,121.6,9.6700001
1989M03,122.2,9.6899996
1989M04,123.1,9.7399998
1989M05,123.7,9.7200003
1989M06,124.1,9.7600002
1989M07,124.5,9.8100004
1989M08,124.5,9.8199997
1989M09,124.8,9.8599997
1989M10,125.4,9.9200001
1989M11,125.9,9.9200001
1989M12,126.3,9.9700003
1990M01,127.5,10
1990M02,128,10.06
1990M03,128.60001,10.1
1990M04,128.89999,10.12
1990M05,129.10001,10.14
1990M06,129.89999,10.19
1990M07,130.5,10.21
1990M08,131.60001,10.23
1990M09,132.5,10.27
1990M10,133.39999,10.29
1990M11,133.7,10.31
1990M12,134.2,10.33
1991M01,134.7,10.36
1991M02,134.8,10.38
1991M03,134.8,10.4
1991M04,135.10001,10.44
1991M05,135.60001,10.47
1991M06,136,10.51
1991M07,136.2,10.53
1991M08,136.60001,10.54
1991M09,137,10.57
1991M10,137.2,10.58
1991M11,137.8,10.6
1991M12,138.2,10.63
1992M01,138.3,10.63
1992M02,138.60001,10.66
1992M03,139.10001,10.69
1992M04,139.39999,10.71
1992M05,139.7,10.73
1992M06,140.10001,10.75
1992M07,140.5,10.77
1992M08,140.8,10.81
1992M09,141.10001,10.81
1992M10,141.7,10.84
1992M11,142.10001,10.86
1992M12,142.3,10.88
1993M01,142.8,10.92
1993M02,143.10001,10.93
1993M03,143.3,10.98
1993M04,143.8,10.98
1993M05,144.2,11.01
1993M06,144.3,11.02
1993M07,144.5,11.04
1993M08,144.8,11.07
1993M09,145,11.09
1993M10,145.60001,11.11
1993M11,146,11.14
1993M12,146.3,11.17
1994M01,146.3,11.19
1994M02,146.7,11.23
1994M03,147.10001,11.23
1994M04,147.2,11.26
1994M05,147.5,11.28
1994M06,147.89999,11.3
1994M07,148.39999,11.33
1994M08,149,11.34
1994M09,149.3,11.37
1994M10,149.39999,11.42
1994M11,149.8,11.43
1994M12,150.10001,11.46
1995M01,150.5,11.47
1995M02,150.89999,11.52
1995M03,151.2,11.54
1995M04,151.8,11.56
1995M05,152.10001,11.58
1995M06,152.39999,11.62
1995M07,152.60001,11.66
1995M08,152.89999,11.68
1995M09,153.10001,11.71
1995M10,153.5,11.75
1995M11,153.7,11.77
1995M12,153.89999,11.79
1996M01,154.7,11.84
1996M02,155,11.86
1996M03,155.5,11.88
1996M04,156.10001,11.94
1996M05,156.39999,11.96
1996M06,156.7,12.02
1996M07,157,12.04
1996M08,157.2,12.08
1996M09,157.7,12.12
1996M10,158.2,12.14
1996M11,158.7,12.19
1996M12,159.10001,12.23
1997M01,159.39999,12.27
1997M02,159.7,12.3
1997M03,159.8,12.35
1997M04,159.89999,12.37
1997M05,159.89999,12.42
1997M06,160.2,12.45
1997M07,160.39999,12.48
1997M08,160.8,12.55
1997M09,161.2,12.58
1997M10,161.5,12.65
1997M11,161.7,12.7
1997M12,161.8,12.73
1998M01,162,12.77
1998M02,162,12.82
1998M03,162,12.87
1998M04,162.2,12.91
1998M05,162.60001,12.95
1998M06,162.8,12.97
1998M07,163.2,12.99
1998M08,163.39999,13.07
1998M09,163.5,13.1
1998M10,163.89999,13.13
1998M11,164.10001,13.16
1998M12,164.39999,13.19
1999M01,164.7,13.25
1999M02,164.7,13.28
1999M03,164.8,13.32
1999M04,165.89999,13.37
1999M05,166,13.42
1999M06,166,13.45
1999M07,166.7,13.5
1999M08,167.10001,13.54
1999M09,167.8,13.6
1999M10,168.10001,13.62
1999M11,168.39999,13.64
1999M12,168.8,13.68
2000M01,169.3,13.73
2000M02,170,13.78
2000M03,171,13.83
2000M04,170.89999,13.89
2000M05,171.2,13.92
2000M06,172.2,13.97
2000M07,172.7,14.02
2000M08,172.7,14.05
2000M09,173.60001,14.11
2000M10,173.89999,14.17
2000M11,174.2,14.22
2000M12,174.60001,14.26
2001M01,175.60001,14.28
2001M02,176,14.36
2001M03,176.10001,14.4
2001M04,176.39999,14.44
2001M05,177.3,14.48
2001M06,177.7,14.53
2001M07,177.39999,14.54
2001M08,177.39999,14.58
2001M09,178.10001,14.62
2001M10,177.60001,14.64
2001M11,177.5,14.7
2001M12,177.39999,14.73
2002M01,177.7,14.74
2002M02,178,14.77
2002M03,178.60001,14.8
2002M04,179.3,14.82
2002M05,179.39999,14.87
2002M06,179.60001,14.92
2002M07,180,14.95
2002M08,180.5,15
2002M09,180.8,15.04
2002M10,181.2,15.1
2002M11,181.5,15.13
2002M12,181.7,15.19
2003M01,182.3,15.19
2003M02,183.3,15.27
2003M03,184.10001,15.27
2003M04,183.3,15.26
2003M05,183.2,15.32
2003M06,183.39999,15.35
2003M07,183.8,15.38
2003M08,184.5,15.41
2003M09,185,15.4
2003M10,184.89999,15.41
2003M11,184.7,15.45
2003M12,185.10001,15.45
2004M01,185.89999,15.48
2004M02,186.5,15.52
2004M03,187.3,15.54
2004M04,187.5,15.58
2004M05,188.60001,15.63
2004M06,189.2,15.65
2004M07,189.2,15.68
2004M08,189.39999,15.74
2004M09,189.7,15.77
2004M10,190.8,15.79
2004M11,191.2,15.81
2004M12,191.2,15.84
2005M01,191.39999,15.88
2005M02,192.10001,15.91
2005M03,193.2,15.95
2005M04,194.10001,16
2005M05,194,16.030001
2005M06,193.89999,16.07
2005M07,195.10001,16.139999
2005M08,196.2,16.16
2005M09,198.60001,16.190001
2005M10,199.10001,16.280001
2005M11,197.8,16.280001
2005M12,197.7,16.35
2006M01,199,16.4
2006M02,199.10001,16.469999
2006M03,199.8,16.51
2006M04,201,16.610001
2006M05,201.89999,16.620001
